Variable,Min Size,Max Size,Mean Size,Median Size,Std Dev
ta,381810,543963,443835.6265389877,442409.0,32639.92306303643
rn_day,49172,655143,157560.55266757865,96919.0,124294.58704354975
